start_ts,end_ts,stock,action,entry,target_1,target_2,target_3,stop_loss,expert,confidence
00:01,01:14,,,,,,,,,low
11:15,15:33,Maruti Suzuki India,Buy,,,,,,निथिलेश,medium
24:52,27:40,,,,,,,,अजय,low
40:01,41:06,Bharti Airtel February Futures,Sell,,,,,,,medium
44:42,50:09,Hyundai Motor India,Buy,211,175,216,,,रवि,high
51:22,54:16,,,,,,,,,low
1:21:28,1:22:24,HDFC Bank June Futures,,,,,,,,medium
1:27:29,1:28:10,,,,,,,,,low
1:39:06,1:44:31,Kotak Mahindra Bank,Sell,,385,,,,,high
1:49:13,1:52:48,VATK AOG Wattk AOG Limite?,Buy,,,,,,प्रदीप,medium
1:55:43,1:59:10,Petronet LNG,,,174,345,,,,high
2:07:04,2:09:51,ZDS Life?,Sell,,161,,,118,,medium
2:12:42,2:15:07,Petronet LNG,Buy,345,,,,268,,high
2:18:03,2:20:22,PB Fintech,,,120,,,,,high
2:23:48,2:25:18,HDFC AMC,Sell,,,,,,प्रदीप,medium
2:26:47,2:27:52,Aditya Infotech,,,,,,,,medium
2:29:12,2:30:07,,,,,,,,,low
2:32:25,2:33:23,,,,,,,,,low
2:34:19,2:38:40,HDFC Bank June Futures,,,,,,,शिवांगी,medium
2:54:23,2:57:06,Tata T?,,,,,,,दीपक,medium
2:58:05,3:00:24,,,,,,,,दीपक,low
3:04:54,3:10:32,,,,,,,,दिनेश,low
3:32:48,3:34:12,Tata Power Company,,,,,,,,medium
3:35:49,3:36:58,,,,,,,,,low
3:38:08,3:40:00,NELCO,Sell,,,,,,अक्षय,medium
3:41:09,3:45:26,HDFC AMC,Sell,,,,,,अक्षय,medium
3:48:56,3:51:34,NACO?,Mixed,,,,,,अक्षय,medium
3:54:45,3:55:44,,,,,,,,,low
4:08:10,4:16:45,,,,,,,,अनुज,low
4:32:43,4:33:27,IIFL Finance,,,,,,,,medium
4:39:00,4:40:15,,,,,,,,,low
4:41:47,4:44:02,Petronet LNG,Sell,,305,302,,282,,high
4:45:55,4:47:58,,,,,,,,,low
4:53:34,4:54:22,,,,,,,,,low
5:00:15,5:01:03,Asian Paints,,,,,,,,medium
5:02:25,5:03:09,Twitter?,Buy,,,,,,,medium
5:05:36,5:06:44,,,,,,,,,low
5:09:01,5:10:50,Tata Motors,Buy,106,,,,,निथिलेश,medium
5:21:09,5:23:12,NACL Industries,Buy,100,,,,,लक्ष्मीकांत,medium
5:40:36,5:43:11,ICICI Prudential AMC,Mixed,,,,,,विनीत,medium
5:44:26,5:45:31,,,,,,,,विनीत,low
5:47:47,5:49:27,,,,,,,,,low
5:51:13,5:54:57,TVS Motor Company,,,478,,,,विनीत,high
5:55:55,5:57:27,CG P?,Buy,1,185,,,,,medium
5:58:48,6:00:02,Meesho,Buy,295,219,289,,,विनीत,high
6:41:35,6:43:34,,,,,,,,कविता,low
6:49:53,6:51:37,,,,,,,,,low
6:54:57,6:56:01,Farma space?,,,121,,,121,,medium
7:01:23,7:02:01,Asian Paints,,,,,,,,medium
7:05:44,7:07:25,HPCL?,,,,,,,,medium
7:09:17,7:10:06,,,,,,,,निमेश,low
7:11:21,7:15:39,LIC Housing?,,,590,592,,560,स्वाति,medium
7:32:33,7:33:57,IC Motor?,Sell,,,,,715,,medium
7:43:34,7:47:30,India VIX?,Sell,,169,,,,श्रीकांत,medium
7:54:31,7:55:41,Ashok Leyland,,,147,159,,159,,high
8:14:40,8:16:04,Jio Finance?,Buy,52,,,,,कुणाल,medium
8:19:23,8:20:36,PB Fintech,,,,,,,,medium
8:23:02,8:24:49,,,,,,,,श्रीकांत,low
8:28:41,8:29:50,Flips?,,,,,,,,medium
8:32:49,8:34:08,Redes?,,,,,,,,medium
8:35:25,8:37:36,,,,,,,,,low
8:48:08,8:49:09,Flipsite?,,,,,,,,medium
8:51:04,8:54:44,Tata Motors,Sell,,,,,,,medium
9:02:53,9:04:18,DRL Infosys?,,,,,,,,medium
9:09:38,9:12:02,ZPTO?,Buy,,,,,,,medium
9:32:41,9:35:20,RMoney?,,,142,,,,,medium
9:40:53,9:41:46,,,,,,,,तरुण,low
9:44:43,9:47:59,,,,,,,,रवि,low
9:51:02,9:53:30,,,,,,,,तरुण,low
9:56:28,9:57:18,,,,,,,,,low
10:01:46,10:05:22,Federal Bank,Buy,13,,,,,,medium
10:45:10,10:46:53,Jio Financial Services,Buy,352,,,,,विनीत,medium
10:50:50,10:51:29,,,,,,,,,low
10:53:05,10:55:46,,,,,,,,महेश,low
11:06:15,11:07:17,,,,,,,,,low
11:35:12,11:36:36,Hyundai Motor India,,,,,,,,medium
11:42:03,11:42:39,Kels?,Buy,,,,,,अंकित,medium
11:45:30,11:48:09,Honda?,,,,,,,,medium
11:49:06,11:50:03,Hyundai Motor India,,,,,,,,medium
