stock_name,yahoo_symbol
360 ONE WAM,360ONE.NS
APL Apollo Tubes Futures,APLAPOLLO.NS
Adani Power Futures,ADANIPOWER.NS
Aditya Birla Capital,ABCAPITAL.NS
Aditya Birla Capital (January Futures),ABCAPITAL.NS
Aegis Vopak Terminals,AEGISVOPAK.NS
Affle India,AFFLE.NS
Allied Blenders and Distillers,ABLD.NS
Amber Enterprises,AMBER.NS
Aster DM Healthcare,ASTERDM.NS
Aurobindo Pharma Futures,AUROPHARMA.NS
Bank of India Futures,BANKINDIA.NS
Barbeque Nation Hospitality,BBQNATION.NS
Berger Paints Futures,BERGEPAINT.NS
Bharat Electronics Futures,BEL.NS
Blue Star Futures,BLUESTARCO.NS
Brainbees Solutions (Firstcry),BRAINBEE.NS
CCL Products,CCL.NS
Central Depository Services May Futures,CDSL.NS
Century Textiles and Industries,ABREL.NS
Chambal Fertilisers,CHAMBLFERT.NS
DLF September Futures,DLF.NS
Divis Laboratories Futures,DIVISLAB.NS
Dixon Technologies,DIXON.NS
Eternal,ETERNAL.NS
Eternal (Zomato),ETERNAL.NS
GE Shipping Company,GESHIP.NS
GMDC,GMDCLTD.NS
Glenmark Pharma,GLENMARK.NS
Global Health (Medanta),MEDANTA.NS
Grasim Industries Futures,GRASIM.NS
Gujarat Gas,GUJGASLTD.NS
Gujarat State Petronet,GPPL.NS
HDFC AMC,HDFCAMC.NS
HDFC Asset Management Company,HDFCAMC.NS
HDFC Bank June Futures,HDFCBANK.NS
HEG,HEG.NS
Hind Rectifiers,HINDRECT.NS
Hindustan Aeronautics,HAL.NS
ICICI Prudential AMC,ICICIPRAMC.NS
ICICI Prudential Nifty FMCG ETF,FMCGIETF.NS
ICICI Prudential Nifty India Consumption ETF,CONSUMIETF.NS
ITC Futures,ITC.NS
ITC June Futures,ITC.NS
ITD Cementation,ITDCEM.NS
ITD Cementation India,ITDCEM.NS
Indian Hotels Company,INDHOTEL.NS
Infibeam Avenues,INFIBEAM.NS
Inventurus Knowledge Solutions,IKS.NS
Ion Exchange,IONEXCHANG.NS
JB Chemicals & Pharmaceuticals,JBCHEPHARM.NS
JB Chemicals and Pharmaceuticals,JBCHEPHARM.NS
Jindal Steel & Power,JINDALSTEL.NS
Jindal Steel and Power,JINDALSTEL.NS
LTIMindtree,LTIM.NS
Lupin Futures,LUPIN.NS
M&M Financial Services,M&MFIN.NS
Macrotech Developers,LODHA.NS
Man Industries,MANIND.NS
Maruti Suzuki,MARUTI.NS
Multi Commodity Exchange of India,MCX.NS
Muthoot Finance Futures,MUTHOOTFIN.NS
National Securities Depository,NSDL.NS
Nippon India ETF Hang Seng Bees,HNGSNGBEES.NS
Nippon India ETF Nifty Infrastructure BeES,INFRABEES.NS
Nippon India ETF Nifty PSU Bank BeES,PSUBNKBEES.NS
Nippon-India-Silver-ETF,SILVERBEES.NS
P B Fintech,POLICYBZR.NS
Paytm,PAYTM.NS
Poonawalla Fincorp Poonawalla Fincorp,POONAWALLA.NS
Power Finance Corporation,PFC.NS
Power Finance Corporation Futures,PFC.NS
Redington India,REDINGTON.NS
Safari Industries,SAFARI.NS
Sagility India,SAGILITY.NS
Samman Capital,SAMMAN.NS
Sequent Scientific,SEQUENT.NS
Shriram Pistons & Rings,SHRIRAMPIP.NS
State Bank of India May Futures,SBIN.NS
Sun Pharmaceutical Industries,SUNPHARMA.NS
Sun Pharmaceutical Industries September Futures,SUNPHARMA.NS
Tamilnad Mercantile Bank,TMB.NS
Torrent Pharma,TORNTPHARM.NS
Trent Futures,TRENT.NS
UltraTech Cement Futures,ULTRACEMCO.NS
United Spirits,UNITDSPR.NS
Urban Company,URBANCIE.NS
Valor Estate (DB Realty),DBREALTY.NS
Venkys,VENKEYS.NS
Vijaya Diagnostic Centre,VIJAYA.NS
Voltas Futures,VOLTAS.NS
Zomato,ETERNAL.NS
