index,id,date_published
0,14039562,2026-09-28
20,14017347,2026-08-28
40,13989508,2026-07-31
60,13964894,2026-07-03
80,13940619,2026-06-04
100,13909770,2026-05-06
120,13880627,2026-04-06
140,13849953,2026-03-04
160,13804069,2026-02-02
180,13753153,2026-01-02
200,13709426,2025-12-04
220,13655326,2025-11-06
240,13600150,2025-10-07
260,13527199,2025-09-08
280,13398367,2025-08-06
300,13244917,2025-07-08
320,13109049,2025-06-10
340,13023505,2025-05-13
360,12991388,2025-04-11
380,12961436,2025-03-11
400,12935140,2025-02-10
420,12909814,2025-01-14
440,12890478,2024-12-16
460,12866776,2024-11-14
480,12843671,2024-10-17
500,12823231,2024-09-17
520,12715973,2024-05-07
540,12571331,2024-04-04
560,12394841,2024-03-04
580,12200371,2024-02-06
600,12012441,2024-01-08
620,11866041,2023-12-07
640,11679661,2023-11-07
660,11498971,2023-10-09
680,11325121,2023-09-07
689,11253941,2023-08-25
