start_ts,end_ts,stock,stock_variants,action,entry,target_1,target_2,target_3,stop_loss,expert,horizon,confidence,notes,yahoo_symbol,status,entry_price,exit_price,exit_level,exit_date,days_taken,pct,note
11:15,15:33,Maruti Suzuki India,Maruti,Buy,,12450,,,11600,निथिलेश (Nithilesh),intraday-position,medium,"buy 11900-12085 zone (ASR-garbled '11 11,900'); strict SL 11800 per anchor recap; bounce target 12450-12500; if 11800 breaks and holds, 10200 downside (not part of call)",MARUTI.NS,NO HIT YET,12065.0,12008.0,last close,2026-09-28,1,-0.47%,no target/SL hit in 1 sessions; marked to last close
44:42,50:09,Torrent Pharmaceuticals,TNT Farma; Torrent Farma,Buy,,5300,,,4800,रवि (Ravi),positional,high,price ~5000; target 5300; SL 4800; breakout Friday + derivatives data positive,TORNTPHARM.NS,NO HIT YET,4980.0,4860.0,last close,2026-09-29,2,-2.41%,no target/SL hit in 2 sessions; marked to last close
44:42,50:09,Himadri Speciality Chemical,himatri cmical,Buy,,720,,,679,रवि (Ravi),positional,medium,"price ~679; target 720; SL 679 (very tight, as heard); name garbled in ASR",HSCL.NS,SL achieved,677.1,677.1,SL (opened through stop),2026-09-28,1,0.00%,opened beyond the stop-loss; exited at open (no trade profit)
51:22,54:16,Petronet LNG,पेट्रोन एट एलएg,Buy,,345,,,,मिताली (brokerage: Nomura),positional,high,Nomura buy rating TP 345; Kochi terminal utilisation; pipeline complete Mar 2027,PETRONET.NS,NO HIT YET,286.95,284.3,last close,2026-09-29,2,-0.92%,no target/SL hit in 2 sessions; marked to last close
1:39:06,1:44:31,Bank of Maharashtra,बैंक ऑफ महाराष्ट्र,Buy,84,88,92,,81,,positional-15d,high,"attractive at 84, SL 81, targets 88 and 92, 15-day positional",MAHABANK.NS,SL achieved,84.0,81.0,SL,2026-09-28,1,-3.57%,
1:49:13,1:52:48,South Indian Bank,साउथ इंडियन बैंक,Buy,47.48,56,62,,42.8,,positional-15-20d,high,if opening near 47.48 buy; targets 56 then 62; SL 42.80 (ASR wrote 4748; NSE price scale ~47),SOUTHBANK.NS,NO HIT YET,47.48,48.01,last close,2026-09-29,2,1.12%,no target/SL hit in 2 sessions; marked to last close
2:07:04,2:09:51,Zydus Lifesciences,Zाइडस लाइफ; ZDS Life,Buy,,1250,,,1180,शिवांगी / प्रदीप,positional,high,"continuous long build-up; target 1250, SL 1180; reiterated at 2:26",ZYDUSLIFE.NS,NO HIT YET,1210.7,1215.0,last close,2026-09-28,1,0.36%,no target/SL hit in 1 sessions; marked to last close
2:12:42,2:15:07,Dr Reddys Laboratories,डॉ. रेड्डीज लैब; DRL,Buy,,1740,,,,Nomura (brokerage),positional,high,"Nomura maintains buy, 1740 target, arthritis drug approval hopes",DRREDDY.NS,NO HIT YET,1211.6,1221.0,last close,2026-09-28,1,0.78%,no target/SL hit in 1 sessions; marked to last close
2:23:48,2:25:18,SBI Cards & Payment Services,SBI कार्ड,Sell,,565,,,625,प्रदीप,positional,high,"short below previous swing low; SL 625, target 565; trailing SL advised",SBICARD.NS,NO HIT YET,608.55,591.0,last close,2026-09-28,1,2.88%,no target/SL hit in 1 sessions; marked to last close
2:34:19,2:38:40,Tech Mahindra (probable),HDFC?; buyback Rs 900cr news,Buy,,1600,,,1490,शिवांगी,positional,medium,"levels res 1535, T 1600, SL 1490 fit Tech Mahindra (close 1548); ASR name garbled - probable",TECHM.NS,NO HIT YET,1548.0,1542.2,last close,2026-09-28,1,-0.37%,no target/SL hit in 1 sessions; marked to last close
2:54:23,2:57:06,Max Financial Services,मैक्स फाइनेंशियल,Buy,1450,1500,1550,,1400,दीपक,positional,high,buy 1450-1451; SL 1400; T1 1500 T2 1550,MFSL.NS,NO HIT YET,1450.0,1451.2,last close,2026-09-28,1,0.08%,no target/SL hit in 1 sessions; marked to last close
3:54:45,3:55:44,Balkrishna Industries,बाल कृष्णा Industries,Buy,,2550,,,,गौरांग (Gaurang),investment-1y,medium,auto sector to improve; target 2550; 1-year+ horizon; add on dips,BALKRISIND.NS,NO HIT YET,2177.0,2129.1,last close,2026-09-29,2,-2.20%,no target/SL hit in 2 sessions; marked to last close
4:39:00,4:40:15,Dixon Technologies,dicson,Buy,13550,13900,,,13200,स्वाति? (Swati),positional,high,"if 13550 breaks and sustains long, SL 13200, target 13900",DIXON.NS,NO HIT YET,13550.0,13596.0,last close,2026-09-29,2,0.34%,no target/SL hit in 2 sessions; marked to last close
4:45:55,4:47:58,Bank of Baroda,बैंक ऑफ बड़ौदा,Sell,230,,,,235,स्वाति?,positional,medium,stock at 230; weaker structure; short with SL 235; downside toward 220,BANKBARODA.NS,NO HIT YET,230.0,227.5,last close,2026-09-28,1,1.09%,no target/SL hit in 1 sessions; marked to last close
5:51:13,5:54:57,TVS Motor Company,TVS मोटर,Buy,,4780,,,,विनीत,investment-12m,high,"auto pick; target 4780, 1-year horizon; add if results positive",TVSMOTOR.NS,NO HIT YET,4140.0,4148.2,last close,2026-09-28,1,0.20%,no target/SL hit in 1 sessions; marked to last close
5:55:55,5:57:27,Meesho,MSHO; Meesho,Buy,,295,,,,विनीत / गौरांग,investment,high,Meesho target 295 (12m); unlisted - cannot evaluate,MEESHO.NS,NO HIT YET,217.06,213.48,last close,2026-09-29,2,-1.65%,no target/SL hit in 2 sessions; marked to last close
5:57:27,5:58:48,Mankind Pharmaceuticals,मैनकाइंड फार्मा,Buy,,2700,,,,गौरांग,investment-12m,medium,buy rating; target 2700,MANKIND.NS,NO HIT YET,2474.9,2492.0,last close,2026-09-29,2,0.69%,no target/SL hit in 2 sessions; marked to last close
5:55:55,5:57:27,ICICI Bank,ICICI Bank,Buy,,1650,,,,गौरांग,investment-12m,high,"top-5 recap: ICICI Bank buy, target 1650 (12 months)",ICICIBANK.NS,NO HIT YET,1321.1,1302.0,last close,2026-09-28,1,-1.45%,no target/SL hit in 1 sessions; marked to last close
5:55:55,5:57:27,CG Power (CG P),CG P,Buy,,1185,,,,गौरांग,investment-12m,medium,"top-5 recap: CG Power buy, target 1185 next 12 months",CGPOWER.NS,NO HIT YET,881.6,865.0,last close,2026-09-28,1,-1.88%,no target/SL hit in 1 sessions; marked to last close
6:54:57,6:56:01,Dr Reddys Laboratories,डॉ. रेड्डी; Farma space,Buy,,1240,,,1210,संतोष,intraday-positional,high,"defensive pharma; buy Dr Reddy SL 1210, target 1240",DRREDDY.NS,SL achieved,1211.6,1210.0,SL,2026-09-28,1,-0.13%,
7:32:33,7:33:57,Eicher Motors (probable),IC Motor?; I मोटर,Buy,,7600,,,7150,(male expert),positional,high,"top ~8100, correction to ~7360 near 200-DEMA; SL 7150, target 7600 fit EICHERMOT; ASR 'IC Motor' = Eicher phonetically",EICHERMOT.NS,NO HIT YET,7323.0,7213.5,last close,2026-09-28,1,-1.50%,no target/SL hit in 1 sessions; marked to last close
7:43:34,7:47:30,Bharti Airtel,B Airtel,Sell,1775,1730,1700,,1805,(expert),positional,high,lower-high at 1775; short 1775-1780; SL 1805; targets 1730 and 1700/20 ('18 1730' garbled),BHARTIARTL.NS,NO HIT YET,1775.0,1771.4,last close,2026-09-28,1,0.20%,no target/SL hit in 1 sessions; marked to last close
7:54:31,7:55:41,Ashok Leyland,Ashok Leeland,Sell,156,147,,,159,गौरव शर्मा,positional-2-3d,high,"below averages, negative bias; short at 156, SL 159, target 147 in 2-3 days",ASHOKLEY.NS,NO HIT YET,156.0,155.22,last close,2026-09-28,1,0.50%,no target/SL hit in 1 sessions; marked to last close
8:19:23,8:20:36,PB Fintech,PB fintech,Buy,,2310,,,(Bernstein brokerage),positional,medium,"Bernstein outperform, 91% upside, TP 2310; after big fall",,POLICYBZR.NS,NO HIT YET,1180.0,1151.3,last close,2026-09-28,1,-2.43%,no target/SL hit in 1 sessions; marked to last close
8:19:23,8:20:36,GE Shipping (Great Eastern),जेईई शिपिंग; GE शिपिंग,Buy,,1965,,,(Nomura brokerage),positional,medium,Nomura initiates coverage TP 1965,,GESHIP.NS,NO HIT YET,1515.0,1545.6,last close,2026-09-28,1,2.02%,no target/SL hit in 1 sessions; marked to last close
10:53:05,10:56:00,MIDHANI (Mishra Dhatu Nigam),मददानी,Buy,,424,440,450,390,महेश जी (Mahesh),positional,high,"VIP shares segment; SL 390, targets 424/440/450 fit MIDHANI (close 405); phonetic match",MIDHANI.NS,NO HIT YET,406.0,411.2,last close,2026-09-29,2,1.28%,no target/SL hit in 2 sessions; marked to last close
10:53:05,10:56:00,Apollo Micro Systems,अपोलो माइक्रो,Buy,410,415,,,,महेश जी,positional,high,correction positive; buy range 410-415; further levels cut off in excerpt,APOLLO.NS,NO HIT YET,410.0,399.8,last close,2026-09-29,2,-2.49%,no target/SL hit in 2 sessions; marked to last close
4:39:00,4:45:00,Jindal Steel & Power,जडस,Buy,,1200,1225,1350,1160,,positional,medium,"consolidation-band breakout; accumulate around CMP (~1165), SL 1160, interim 1200-1225, positional targets 1350-1380",JINDALSTEL.NS,SL achieved,1160.0,1160.0,SL (opened through stop),2026-09-28,1,0.00%,opened beyond the stop-loss; exited at open (no trade profit)
4:41:00,4:44:30,Petronet LNG,पेट्रोनेट,Buy,,302,305,,282,,positional,medium,technical call; levels 302/305 SL 282 fit Petronet (~287); block audio ambiguous between stocks,PETRONET.NS,NO HIT YET,286.95,284.3,last close,2026-09-29,2,-0.92%,no target/SL hit in 2 sessions; marked to last close
